{
  "rmse": 5739.462701123604,
  "mae": 19.29092333890496,
  "r2": 0.41143236788263704,
  "trained_at": "2025-12-10T03:33:33.005212",
  "rows_used": 45825
}