{
  "train_log_scale": {
    "rmse": 1.2272868631412304,
    "mae": 0.9953576188763321,
    "r2": 0.21259431148524532
  },
  "test_log_scale": {
    "rmse": 1.2331958490109736,
    "mae": 0.9999514147245866,
    "r2": 0.21370114421767383
  },
  "train_original_scale": {
    "rmse": 111.1975311336796,
    "mae": 22.52791238830347,
    "r2": 0.01796394591442363,
    "mape": 2.3283904577198464e+17
  },
  "test_original_scale": {
    "rmse": 106.61782141892164,
    "mae": 22.95889041492041,
    "r2": 0.019357310325692545,
    "mape": 2.3304445975313674e+17
  },
  "best_params": {
    "alpha": 0.001
  }
}