{
  "train": {
    "accuracy": 0.6627659574468086,
    "precision": 0.7221232484242329,
    "recall": 0.663561691046948,
    "f1": 0.6916050109508534,
    "roc_auc": 0.7238228218096909
  },
  "test": {
    "accuracy": 0.6618221494817239,
    "precision": 0.7223455497382198,
    "recall": 0.6604120395190319,
    "f1": 0.6899917981956031,
    "roc_auc": 0.7213335652619659
  },
  "best_params": {
    "C": 0.005,
    "class_weight": "balanced"
  }
}