{
  "train": {
    "accuracy": 0.7143044189852701,
    "precision": 0.757709947809584,
    "recall": 0.7334660134721371,
    "f1": 0.7453908984830805,
    "roc_auc": 0.7866388405866016
  },
  "test": {
    "accuracy": 0.6983524277141299,
    "precision": 0.7418079765998656,
    "recall": 0.7202010898764295,
    "f1": 0.7308448702221703,
    "roc_auc": 0.7669488985626443
  },
  "train_confusion_matrix": [
    [
      54276,
      24512
    ],
    [
      27856,
      76656
    ]
  ],
  "test_confusion_matrix": [
    [
      13235,
      6532
    ],
    [
      7291,
      18767
    ]
  ],
  "best_iteration": 99,
  "timestamp": "2025-12-12T03:18:25.324541"
}