{
  "train": {
    "accuracy": 0.7061647572285871,
    "precision": 0.7533106621324265,
    "recall": 0.7206445192896509,
    "f1": 0.7366156133247267,
    "roc_auc": 0.7770929375881445
  },
  "test": {
    "accuracy": 0.687201309328969,
    "precision": 0.7358194545015689,
    "recall": 0.7019341469030624,
    "f1": 0.7184774923403252,
    "roc_auc": 0.7559135033742533
  },
  "train_confusion_matrix": [
    [
      54124,
      24664
    ],
    [
      29196,
      75316
    ]
  ],
  "test_confusion_matrix": [
    [
      13200,
      6567
    ],
    [
      7767,
      18291
    ]
  ],
  "best_iteration": 99,
  "timestamp": "2025-12-12T00:04:19.640001"
}