{
  "model_type": "xgboost_sequence",
  "train_metrics": {
    "rmse": 2.2325705960092925,
    "mae": 0.30798594832835563,
    "r2": 0.9995869714850265,
    "mape": 1.2767464940586115,
    "within_5_pct": 99.7794843142616,
    "within_10_pct": 99.98038539722542,
    "within_20_pct": 99.99940561809774
  },
  "test_metrics": {
    "rmse": 54.67442715854818,
    "mae": 1.4870261170391872,
    "r2": 0.8416535065394602,
    "mape": 1.348446287143347,
    "within_5_pct": 99.51023513468535,
    "within_10_pct": 99.8264425477283,
    "within_20_pct": 99.91916502222962
  },
  "timestamp": "2025-12-22 15:57:42"
}