{
  "sequence_length": 50,
  "n_features": 6,
  "lstm_units": 64,
  "dropout_rate": 0.2,
  "model_type": "lstm",
  "feature_mean": [
    38.47493993265367,
    3.2484069767959363,
    110.60892229113011,
    1.0,
    0.5535224087206089,
    0.340066559034917
  ],
  "feature_std": [
    163.07732800240328,
    7.433316779925104,
    72.2265014696912,
    1.0,
    0.29117612402550136,
    0.08659940768263348
  ]
}