{
  "loss": [
    9006.351984058443,
    5466.717129112127,
    3945.3170802870227,
    2878.4511048985432,
    2564.003555564807,
    2236.9287419375223,
    1871.0523513868927,
    1683.911703377031,
    1512.745103651283,
    1404.679098712515,
    1089.0779155746766,
    1280.7876795295165,
    1238.912642283873,
    1141.8391698973353,
    1158.2827156815206,
    1035.9017908596581,
    900.903411695563,
    785.0967841720363,
    805.1901699306673,
    830.6733890303648,
    972.8119413135929,
    764.7157668167769,
    716.8605372190643,
    801.4855687641269,
    628.1504886754566,
    630.6598205236269,
    562.2112704891621,
    679.4673519924507,
    489.5610636481907,
    710.7863638996869,
    600.7545421852401,
    617.9596246535338,
    537.2938957009536,
    481.4651735379387,
    599.0795624615979,
    443.0862510550353,
    583.0908943542307,
    501.6608526507107,
    570.7746474856283,
    439.7683481544978,
    561.5617771956242,
    409.9810380860771,
    541.0751198201733,
    579.0976134423165,
    368.12931793089206,
    491.9969183521423,
    498.2255540871963,
    334.7407272702646,
    384.42209585221786,
    725.386437158285
  ],
  "mae": [
    7.757979939050029,
    5.2051135848471475,
    5.086381216934582,
    5.037592781535698,
    5.034656909881202,
    4.86092641521814,
    4.842402314692055,
    4.833234473775253,
    4.7144446939742535,
    4.712478116944448,
    4.613855714398796,
    4.680851929854744,
    4.7018403760505665,
    4.499564112927379,
    4.353366587487552,
    4.1470959670671705,
    4.089224678585512,
    4.019620340993506,
    3.9755049513783023,
    3.943301080778717,
    3.97085271449874,
    3.958816683367705,
    3.9252673683981594,
    3.915899609632348,
    3.908933412823689,
    3.9553600499905297,
    3.930896154973916,
    3.8534928806709297,
    3.817623859792477,
    3.826824904638828,
    3.8549944169900425,
    3.8335720562399294,
    3.812120799727087,
    3.8054020124052483,
    3.7819032284743996,
    3.7918317933256644,
    3.792056994485872,
    3.799091259066621,
    3.803692702579264,
    3.7753562161737513,
    3.7891970495668867,
    3.7384507868448114,
    3.7176995386404506,
    3.72123813857192,
    3.7020349447331373,
    3.725836715391955,
    3.712549651807214,
    3.704094688006977,
    3.7083902880784794,
    3.7114982386353392
  ],
  "val_loss": [
    2955.771529915161,
    1194.0588754433634,
    514.2410165860175,
    327.3468280010845,
    316.1173012080103,
    174.1376166565397,
    47.52957067875612,
    195.55873094861857,
    25.425996991041735,
    56.2518901359882,
    88.63624024424125,
    90.06779534809681,
    164.1944066677489,
    26.132369342005028,
    48.326248669694934,
    54.39804672644146,
    18.53069473466186,
    48.33712291670457,
    70.60559759582489,
    23.652335788655257,
    16.567642161076538,
    29.2523383052069,
    55.88276761554895,
    20.650851868700535,
    29.01604951470649,
    28.935829850410546,
    18.33085656834496,
    21.337877729732217,
    52.49482762161624,
    15.66099556426776,
    29.808511051467942,
    10.886124543258727,
    36.01361553365363,
    11.423194394342286,
    7.388946420136703,
    5.646868416964125,
    32.355992103776245,
    9.028778634160787,
    47.73671411262919,
    12.664208951377681,
    26.587563800246905,
    11.19608075922357,
    8.69114496211309,
    5.319030095653026,
    10.395679769346533,
    6.759413282068673,
    12.284636246204848,
    7.0242883627647705,
    6.127083429838333,
    12.29298340721168
  ],
  "val_mae": [
    4.087680611699849,
    4.371250557499365,
    2.4607983136341813,
    2.1207959569571404,
    2.427887541402834,
    2.1562807119375154,
    2.6413726099622448,
    1.902362052732959,
    1.7426518721029765,
    1.8386823799155896,
    3.243384593189763,
    3.0851831767542577,
    2.2607670061915437,
    1.7223643824002115,
    2.5453894388522706,
    1.9953380894449126,
    1.5806837213710172,
    1.4048998789396596,
    1.7194589717013933,
    1.55176617593191,
    1.1831647616618948,
    1.5425363583484737,
    1.636078892220161,
    1.2776201428453873,
    1.7335879812118213,
    1.276097092388413,
    1.3414974381163467,
    1.3161577345705926,
    1.2962200418982548,
    1.3449488672311074,
    1.4589071225790493,
    1.1021144690894893,
    1.3403022309281631,
    1.2641923570680007,
    1.12272811830338,
    0.9658433769438839,
    1.5998728645283284,
    1.1662949846386321,
    1.4163663175004844,
    1.2245335059245976,
    1.2597833084565866,
    1.3805274001467027,
    1.1901569627703472,
    1.1482928335372458,
    1.395671004156958,
    0.9659192771101986,
    1.122045156492062,
    1.3827629747889707,
    0.935100808124787,
    1.127328288190339
  ]
}