{
  "train": {
    "rmse": 30.3975242601202,
    "mae": 8.50812365992486,
    "r2": 0.9266139402343809
  },
  "test": {
    "rmse": 60.511338777141965,
    "mae": 9.815608745163903,
    "r2": 0.6841181229275115
  },
  "best_iteration": 99,
  "timestamp": "2025-12-11T03:02:10.638989"
}