{
  "train_log_scale": {
    "rmse": 1.1445059819104626,
    "mae": 0.929295969581289,
    "r2": 0.31523349219769126
  },
  "test_log_scale": {
    "rmse": 1.1702415021051722,
    "mae": 0.9490096878786225,
    "r2": 0.2919327175073462
  },
  "train_original_scale": {
    "rmse": 108.99829780475395,
    "mae": 21.33296387553961,
    "r2": 0.056424677359054876
  },
  "test_original_scale": {
    "rmse": 104.98715478010396,
    "mae": 21.99467311125785,
    "r2": 0.04912480261180818
  },
  "best_iteration": 99,
  "timestamp": "2025-12-13T04:27:21.112165"
}