{
  "test": {
    "mse": 18627.280069907105,
    "rmse": 136.48179391371988,
    "mae": 75.32813781712004,
    "r2": -0.07047998146850132,
    "mape": 30.784962418245833
  },
  "validation": {
    "mse": 27203.456109159044,
    "rmse": 164.93470256182914,
    "mae": 99.87267401834865,
    "r2": -0.2081472165577345,
    "mape": 37.48869950215847
  },
  "training": {
    "mse": 18827.32546953897,
    "rmse": 137.21270156052964,
    "mae": 72.51257194977971,
    "r2": -0.02122093697382499,
    "mape": 30.60223531658906
  }
}