{
  "sequence_length": 30,
  "n_features": 6,
  "lstm_units": 32,
  "dropout_rate": 0.2,
  "model_type": "gru",
  "feature_mean": [
    89.02141147954666,
    10.307863089578234,
    4.065473904293132,
    1.0,
    0.5337362946303065,
    0.3561033221920768
  ],
  "feature_std": [
    85.38075197511085,
    10.828179064163288,
    2.611164497310721,
    1.0,
    0.2881364623973172,
    0.18197929031413526
  ]
}