{
  "loss": [
    48159.74609375,
    47525.8203125,
    46491.08984375,
    45307.51953125,
    44034.78125,
    42593.1796875,
    40974.4765625,
    39369.67578125,
    37525.140625,
    35918.078125,
    34160.76171875,
    32279.544921875,
    30352.533203125,
    28489.416015625,
    26738.09765625,
    25132.783203125,
    23617.44140625,
    22642.72265625,
    20915.966796875,
    19618.388671875
  ],
  "mae": [
    172.55931091308594,
    171.09669494628906,
    168.059326171875,
    164.158447265625,
    160.166259765625,
    155.54696655273438,
    150.3166046142578,
    145.13079833984375,
    138.97439575195312,
    133.6781768798828,
    127.86412048339844,
    122.44037628173828,
    116.0118179321289,
    109.96253204345703,
    102.31893157958984,
    96.99331665039062,
    90.89298248291016,
    87.4885482788086,
    81.58534240722656,
    76.31488800048828
  ],
  "mse": [
    48159.74609375,
    47525.8203125,
    46491.08984375,
    45307.51953125,
    44034.78125,
    42593.1796875,
    40974.4765625,
    39369.67578125,
    37525.140625,
    35918.078125,
    34160.76171875,
    32279.544921875,
    30352.533203125,
    28489.416015625,
    26738.09765625,
    25132.783203125,
    23617.44140625,
    22642.72265625,
    20915.966796875,
    19618.388671875
  ],
  "val_loss": [
    64176.9296875,
    63081.0703125,
    61749.7109375,
    60393.5703125,
    58771.73828125,
    56853.3359375,
    54842.76171875,
    52741.30078125,
    50553.2890625,
    48312.3984375,
    46006.9140625,
    43655.421875,
    41363.18359375,
    39060.6953125,
    36789.4765625,
    34680.94921875,
    32613.10546875,
    30797.38671875,
    28924.150390625,
    27203.45703125
  ],
  "val_mae": [
    204.45071411132812,
    202.01596069335938,
    198.20277404785156,
    194.6327667236328,
    190.4124755859375,
    185.30455017089844,
    179.7968292236328,
    174.0018310546875,
    167.882080078125,
    161.8334503173828,
    155.96311950683594,
    150.05743408203125,
    144.35020446777344,
    136.29647827148438,
    129.5015106201172,
    123.78779602050781,
    116.7279052734375,
    111.76847076416016,
    104.95246887207031,
    99.8726806640625
  ],
  "val_mse": [
    64176.9296875,
    63081.0703125,
    61749.7109375,
    60393.5703125,
    58771.73828125,
    56853.3359375,
    54842.76171875,
    52741.30078125,
    50553.2890625,
    48312.3984375,
    46006.9140625,
    43655.421875,
    41363.18359375,
    39060.6953125,
    36789.4765625,
    34680.94921875,
    32613.10546875,
    30797.38671875,
    28924.150390625,
    27203.45703125
  ],
  "learning_rate": [
    0.0010000000474974513,
    0.0010000000474974513,
    0.0010000000474974513,
    0.0010000000474974513,
    0.0010000000474974513,
    0.0010000000474974513,
    0.0010000000474974513,
    0.0010000000474974513,
    0.0010000000474974513,
    0.0010000000474974513,
    0.0010000000474974513,
    0.0010000000474974513,
    0.0010000000474974513,
    0.0010000000474974513,
    0.0010000000474974513,
    0.0010000000474974513,
    0.0010000000474974513,
    0.0010000000474974513,
    0.0010000000474974513,
    0.0010000000474974513
  ]
}